{"cameraMode":{"drawMode":0,"name":"Shaded","section":"Shading Mode"},"sceneLighting":true,"audioPlay":false,"sceneViewState":{"m_AlwaysRefresh":false,"showFog":true,"showSkybox":true,"showFlares":true,"showImageEffects":true,"showParticleSystems":true,"showVisualEffectGraphs":true,"m_FxEnabled":true},"in2DMode":false,"pivot":{"x":-2.8124916553497316,"y":-4.9780168533325199,"z":0.6152844429016113},"rotation":{"x":0.6035955548286438,"y":-0.001195956370793283,"z":0.0009053212124854326,"w":0.7972959280014038},"size":10.430564880371094,"orthographic":false}